key,event,time,press_duration,release_time,inter_key_interval,session_id
n,press,1736581545.263716,0.000997304916381836,1736581545.2647133,,1736581533
o,press,1736581545.5589275,0.0009958744049072266,1736581545.5599234,0.29421424865722656,1736581533
t,press,1736581545.9309323,0.0009961128234863281,1736581545.9319284,0.37100887298583984,1736581533
e,press,1736581546.0895138,0.0019893646240234375,1736581546.0915031,0.15758538246154785,1736581533
d,press,1736581553.2911997,0.0009975433349609375,1736581553.2921972,7.1996965408325195,1736581533
a,press,1736581553.3031669,0.0009982585906982422,1736581553.3041651,0.01096963882446289,1736581533
f,press,1736581553.3041651,0.000997304916381836,1736581553.3051624,0.0,1736581533
d,press,1736581553.4487796,0.0009958744049072266,1736581553.4497755,0.1436171531677246,1736581533
g,press,1736581553.4936619,0.004982948303222656,1736581553.4986448,0.043886423110961914,1736581533
s,press,1736581553.5933912,0.0019948482513427734,1736581553.595386,0.09474635124206543,1736581533
a,press,1736581553.6003737,0.000997304916381836,1736581553.601371,0.0049877166748046875,1736581533
h,press,1736581553.62032,0.0019941329956054688,1736581553.6223142,0.018949031829833984,1736581533
d,press,1736581553.693124,0.0019948482513427734,1736581553.695119,0.07080984115600586,1736581533
s,press,1736581553.8487086,0.0009968280792236328,1736581553.8497055,0.15358972549438477,1736581533
a,press,1736581553.8517036,0.0009949207305908203,1736581553.8526986,0.0019981861114501953,1736581533
h,press,1736581553.9005694,0.0009980201721191406,1736581553.9015675,0.04787087440490723,1736581533
g,press,1736581553.9045596,0.0009961128234863281,1736581553.9055557,0.0029921531677246094,1736581533
d,press,1736581553.9773648,0.001993417739868164,1736581553.9793582,0.07180905342102051,1736581533
h,press,1736581554.0770977,0.0009982585906982422,1736581554.078096,0.09773945808410645,1736581533
g,press,1736581554.0800898,0.0009963512420654297,1736581554.0810862,0.001993894577026367,1736581533
a,press,1736581554.093056,0.0019931793212890625,1736581554.0950491,0.011969804763793945,1736581533
s,press,1736581554.0960472,0.000997781753540039,1736581554.097045,0.0009980201721191406,1736581533
d,press,1736581554.1578815,0.003988504409790039,1736581554.16187,0.0608365535736084,1736581533
g,press,1736581554.2266984,0.000997781753540039,1736581554.2276962,0.06482839584350586,1736581533
s,press,1736581554.3563507,0.0009968280792236328,1736581554.3573475,0.12865447998046875,1736581533
a,press,1736581554.3593419,0.000997304916381836,1736581554.3603392,0.0019943714141845703,1736581533
g,press,1736581554.3852737,0.0009961128234863281,1736581554.3862698,0.02493453025817871,1736581533
d,press,1736581554.448105,0.0009970664978027344,1736581554.4491022,0.061835289001464844,1736581533
g,press,1736581554.5767605,0.000997781753540039,1736581554.5777583,0.12765836715698242,1736581533
y,press,1736581554.5797524,0.000997304916381836,1736581554.5807498,0.0019941329956054688,1736581533
a,press,1736581554.6675181,0.0009975433349609375,1736581554.6685157,0.08676838874816895,1736581533
h,press,1736581554.726361,0.002991199493408203,1736581554.7293522,0.057845354080200195,1736581533
g,press,1736581554.7323444,0.000997304916381836,1736581554.7333417,0.0029921531677246094,1736581533
d,press,1736581554.7473044,0.0009987354278564453,1736581554.7483032,0.013962745666503906,1736581533
g,press,1736581554.8899264,0.000995635986328125,1736581554.890922,0.14162325859069824,1736581533
w,press,1736581554.9318116,0.0009958744049072266,1736581554.9328074,0.04088950157165527,1736581533
s,press,1736581555.0265584,0.0009963512420654297,1736581555.0275548,0.0937509536743164,1736581533
d,press,1736581555.0684464,0.0009965896606445312,1736581555.069443,0.04089164733886719,1736581533
g,press,1736581555.0854003,0.0009965896606445312,1736581555.086397,0.015957355499267578,1736581533
h,press,1736581555.2110658,0.0009953975677490234,1736581555.2120612,0.12466883659362793,1736581533
s,press,1736581555.2290165,0.0009968280792236328,1736581555.2300134,0.01695537567138672,1736581533
g,press,1736581555.232008,0.0009980201721191406,1736581555.233006,0.001994609832763672,1736581533
a,press,1736581555.2340026,0.000997304916381836,1736581555.235,0.0009965896606445312,1736581533
g,press,1736581555.3277526,0.0009968280792236328,1736581555.3287494,0.09275269508361816,1736581533
d,press,1736581555.342719,0.0019898414611816406,1736581555.344709,0.013969659805297852,1736581533
h,press,1736581555.4424477,0.0019922256469726562,1736581555.44444,0.09773874282836914,1736581533
a,press,1736581555.4743598,0.0009970664978027344,1736581555.4753568,0.029919862747192383,1736581533
s,press,1736581555.5072725,0.0009958744049072266,1736581555.5082684,0.03191566467285156,1736581533
d,press,1736581555.5701056,0.000995635986328125,1736581555.5711012,0.061837196350097656,1736581533
h,press,1736581555.6698377,0.0019936561584472656,1736581555.6718314,0.09873652458190918,1736581533
s,press,1736581555.7436388,0.0009970664978027344,1736581555.7446358,0.0718073844909668,1736581533
a,press,1736581555.745634,0.000997781753540039,1736581555.7466319,0.0009982585906982422,1736581533
d,press,1736581555.7945035,0.0009975433349609375,1736581555.795501,0.04787158966064453,1736581533
g,press,1736581555.8353944,0.0009984970092773438,1736581555.8363929,0.039893388748168945,1736581533
h,press,1736581555.9480944,0.0009949207305908203,1736581555.9490893,0.11170148849487305,1736581533
s,press,1736581555.952082,0.001994609832763672,1736581555.9540765,0.0029926300048828125,1736581533
a,press,1736581555.9590635,0.0009965896606445312,1736581555.9600601,0.004987001419067383,1736581533
f,press,1736581556.0607903,0.002007007598876953,1736581556.0627973,0.10073018074035645,1736581533
d,press,1736581556.0837374,0.0039844512939453125,1736581556.0877218,0.020940065383911133,1736581533
h,press,1736581556.1505504,0.000997781753540039,1736581556.1515481,0.06282854080200195,1736581533
s,press,1736581556.2133846,0.0009958744049072266,1736581556.2143805,0.06183648109436035,1736581533
a,press,1736581556.2163749,0.000997304916381836,1736581556.2173722,0.0019943714141845703,1736581533
d,press,1736581556.2752187,0.0009970664978027344,1736581556.2762158,0.0578465461730957,1736581533
f,press,1736581556.2782097,0.0009968280792236328,1736581556.2792065,0.001993894577026367,1736581533
j,press,1736581556.4028761,0.0009980201721191406,1736581556.4038742,0.12366962432861328,1736581533
h,press,1736581556.4048705,0.001994609832763672,1736581556.4068651,0.0009963512420654297,1736581533
s,press,1736581556.4347913,0.0009965896606445312,1736581556.435788,0.027926206588745117,1736581533
a,press,1736581556.4377837,0.000997304916381836,1736581556.438781,0.0019958019256591797,1736581533
d,press,1736581556.5325305,0.0009970664978027344,1736581556.5335276,0.0937495231628418,1736581533
h,press,1736581556.5863845,0.0009992122650146484,1736581556.5873837,0.0528569221496582,1736581533
s,press,1736581556.6601887,0.0009961128234863281,1736581556.6611848,0.07280492782592773,1736581533
a,press,1736581556.6631796,0.0009968280792236328,1736581556.6641765,0.0019948482513427734,1736581533
h,press,1736581556.7000825,0.001998424530029297,1736581556.702081,0.035906076431274414,1736581533
d,press,1736581556.7788692,0.000997781753540039,1736581556.779867,0.07678818702697754,1736581533
h,press,1736581556.8766124,0.0019910335540771484,1736581556.8786035,0.09674549102783203,1736581533
a,press,1736581556.8796003,0.000997304916381836,1736581556.8805976,0.0009968280792236328,1736581533
s,press,1736581556.9035363,0.0009989738464355469,1736581556.9045353,0.02293872833251953,1736581533
f,press,1736581556.9793353,0.0019931793212890625,1736581556.9813285,0.07480001449584961,1736581533
d,press,1736581557.0611155,0.0,1736581557.0611155,0.07978701591491699,1736581533
g,press,1736581557.0670986,0.0009982585906982422,1736581557.0680969,0.005983114242553711,1736581533
e,press,1736581557.1359148,0.0009975433349609375,1736581557.1369123,0.06781792640686035,1736581533
j,press,1736581557.1379101,0.0009968280792236328,1736581557.138907,0.000997781753540039,1736581533
h,press,1736581557.1488812,0.0009963512420654297,1736581557.1498775,0.009974241256713867,1736581533
s,press,1736581557.1508746,0.0009984970092773438,1736581557.151873,0.0009970664978027344,1736581533
a,press,1736581557.1558619,0.0009975433349609375,1736581557.1568594,0.003988742828369141,1736581533
g,press,1736581557.2306628,0.0009953975677490234,1736581557.2316582,0.07380342483520508,1736581533
f,press,1736581557.2466202,0.000997304916381836,1736581557.2476175,0.014961957931518555,1736581533
s,press,1736581557.348348,0.0009958744049072266,1736581557.3493438,0.10073041915893555,1736581533
d,press,1736581557.3822567,0.0009963512420654297,1736581557.383253,0.0329129695892334,1736581533
f,press,1736581557.474011,0.0019936561584472656,1736581557.4760046,0.09075784683227539,1736581533
g,press,1736581557.528864,0.000997304916381836,1736581557.5298612,0.05285930633544922,1736581533
u,press,1736581557.637573,0.0009987354278564453,1736581557.6385717,0.1077117919921875,1736581533
s,press,1736581557.6515396,0.001990795135498047,1736581557.6535304,0.012967824935913086,1736581533
y,press,1736581557.6545293,0.0009949207305908203,1736581557.6555243,0.0009989738464355469,1736581533
a,press,1736581557.6575196,0.000997304916381836,1736581557.658517,0.0019953250885009766,1736581533
d,press,1736581557.7452846,0.0019948482513427734,1736581557.7472794,0.08676767349243164,1736581533
g,press,1736581557.7482765,0.0009970664978027344,1736581557.7492735,0.0009970664978027344,1736581533
f,press,1736581557.751269,0.0009984970092773438,1736581557.7522676,0.001995563507080078,1736581533
u,press,1736581557.834047,0.001994609832763672,1736581557.8360417,0.08177947998046875,1736581533
y,press,1736581557.8370442,0.0009922981262207031,1736581557.8380365,0.0010025501251220703,1736581533
d,press,1736581557.964698,0.0010023117065429688,1736581557.9657004,0.1266615390777588,1736581533
g,press,1736581558.027532,0.0009946823120117188,1736581558.0285268,0.06183171272277832,1736581533
f,press,1736581558.0305219,0.0009987354278564453,1736581558.0315206,0.001995086669921875,1736581533
y,press,1736581558.1222787,0.0009949207305908203,1736581558.1232736,0.09075808525085449,1736581533
d,press,1736581558.1831138,0.000997781753540039,1736581558.1841116,0.05984020233154297,1736581533
u,press,1736581558.2758672,0.000997304916381836,1736581558.2768645,0.09175562858581543,1736581533
y,press,1736581558.28185,0.0009970664978027344,1736581558.2828472,0.0049855709075927734,1736581533
f,press,1736581558.2848449,0.0009937286376953125,1736581558.2858386,0.001997709274291992,1736581533
s,press,1736581558.4703474,0.000997304916381836,1736581558.4713447,0.1845088005065918,1736581533
a,press,1736581558.5032625,0.0009922981262207031,1736581558.5042548,0.03191781044006348,1736581533
d,press,1736581558.5770612,0.0019927024841308594,1736581558.5790539,0.07280635833740234,1736581533
u,press,1736581558.6029916,0.0009992122650146484,1736581558.6039908,0.023937702178955078,1736581533
y,press,1736581558.605983,0.0009982585906982422,1736581558.6069813,0.0019922256469726562,1736581533
s,press,1736581558.706715,0.000997304916381836,1736581558.7077124,0.09973382949829102,1736581533
a,press,1736581558.7146943,0.0009953975677490234,1736581558.7156897,0.006981849670410156,1736581533
u,press,1736581558.7296562,0.001990795135498047,1736581558.731647,0.013966560363769531,1736581533
j,press,1736581558.733641,0.0019948482513427734,1736581558.7356358,0.001993894577026367,1736581533
y,press,1736581558.7366333,0.0019948482513427734,1736581558.7386281,0.0009975433349609375,1736581533
d,press,1736581558.8014598,0.000997304916381836,1736581558.802457,0.06283164024353027,1736581533
g,press,1736581558.8054495,0.0009968280792236328,1736581558.8064463,0.002992391586303711,1736581533
