event,x,y,speed,button,time,scroll,session_id
move,1380,149,0,,1736580537.4088936,,1736580537
move,1380,150,20.888696319094787,,1736580537.4567664,,1736580537
move,1380,151,6.266711888109798,,1736580537.6163397,,1736580537
move,1379,151,52.775136835482854,,1736580537.636286,,1736580537
move,1379,152,10.781357879665736,,1736580537.7280407,,1736580537
move,1379,153,6.266730614361038,,1736580537.8876135,,1736580537
move,1379,156,27.09930522951547,,1736580537.9983175,,1736580537
move,1379,157,5.5704133414612444,,1736580538.1788344,,1736580537
move,1379,158,5.277228158778449,,1736580538.368327,,1736580537
move,1379,160,4.599436132893674,,1736580538.8021667,,1736580537
move,1378,161,1.9129465160197094,,1736580539.5424495,,1736580537
move,1375,161,14.256044104201388,,1736580539.7518892,,1736580537
move,1377,161,35.181653854057885,,1736580539.8097363,,1736580537
move,1377,162,91.13495426199944,,1736580539.8197098,,1736580537
move,1377,163,2.393025697202063,,1736580540.2385879,,1736580537
move,1375,163,2005.8842659014826,,1736580540.2395852,,1736580537
move,1375,166,35.80855677672356,,1736580540.3233607,,1736580537
move,1375,167,3.7837176616623696,,1736580540.586657,,1736580537
move,1375,168,19.282383229128357,,1736580540.6385179,,1736580537
move,1375,169,1.8602360563370286,,1736580541.1770785,,1736580537
move,1374,169,18.23198233442874,,1736580541.231932,,1736580537
move,1374,170,45.572428180277285,,1736580541.2528758,,1736580537
move,1374,172,6.7520631821097785,,1736580541.5490816,,1736580537
move,1373,173,36.35831904033076,,1736580541.5879781,,1736580537
move,1372,174,0.37513093388807767,,1736580545.358891,,1736580537
move,1371,174,0.529116785927977,,1736580547.24784,,1736580537
move,1372,173,19.971924489697685,,1736580547.31865,,1736580537
move,1389,164,19310.447178411767,,1736580547.3196461,,1736580537
move,1413,153,5292.396074054424,,1736580547.3256297,,1736580537
move,1438,143,1800.0492740853904,,1736580547.3405893,,1736580537
move,1461,136,12054.740851855024,,1736580547.3415873,,1736580537
move,1477,129,1167.3551811532109,,1736580547.3565478,,1736580537
move,1488,122,933.6081919199362,,1736580547.3705134,,1736580537
move,1489,112,10113.29978818854,,1736580547.3725042,,1736580537
move,1486,104,4284.570670133943,,1736580547.3735013,,1736580537
move,1448,78,824.3877884857015,,1736580547.429353,,1736580537
move,1437,72,42.73281176345875,,1736580547.7235653,,1736580537
move,1446,80,215.60403795967983,,1736580547.77842,,1736580537
move,1406,105,47342.647521069084,,1736580547.7804134,,1736580537
move,1375,123,5133.772050387206,,1736580547.786399,,1736580537
move,1315,153,67376.06941306952,,1736580547.7883916,,1736580537
move,1248,187,3423.0732265825504,,1736580547.8103335,,1736580537
move,1195,212,59197.40989857973,,1736580547.8113308,,1736580537
move,1141,237,9940.557642551392,,1736580547.8173146,,1736580537
move,1110,258,6260.405920557594,,1736580547.8232996,,1736580537
move,1077,278,5524.575670662511,,1736580547.8302813,,1736580537
move,1049,299,5848.3980717899685,,1736580547.83527,,1736580537
move,1013,332,5440.359273977057,,1736580547.8452408,,1736580537
move,979,364,4257.261425760895,,1736580547.8562112,,1736580537
move,950,404,4128.003693216162,,1736580547.8671825,,1736580537
move,910,446,14542.660927785748,,1736580547.8711708,,1736580537
move,880,481,46233.347914157566,,1736580547.8731647,,1736580537
move,842,518,7597.552299071984,,1736580547.88015,,1736580537
move,803,556,2729.5239733606077,,1736580547.899098,,1736580537
move,767,586,46988.135008349,,1736580547.9000952,,1736580537
move,732,615,2680.683421051688,,1736580547.9180467,,1736580537
move,694,642,46819.770200495666,,1736580547.919042,,1736580537
move,665,665,2651.0573332817794,,1736580547.9320085,,1736580537
move,638,687,34955.69440184314,,1736580547.934003,,1736580537
move,603,715,3210.1590972274444,,1736580547.9469674,,1736580537
move,578,740,1222.4139810229417,,1736580547.977892,,1736580537
move,543,768,8977.867584094118,,1736580547.98188,,1736580537
move,510,792,13666.542081131784,,1736580547.9838681,,1736580537
move,480,814,4143.311963565937,,1736580547.993842,,1736580537
move,449,836,3169.6930609548062,,1736580548.0058103,,1736580537
move,417,853,9141.776801292488,,1736580548.0098,,1736580537
move,392,863,3373.714457240251,,1736580548.0167844,,1736580537
move,366,871,3898.366964648839,,1736580548.0237625,,1736580537
move,347,877,3328.5902399226215,,1736580548.0297484,,1736580537
move,332,885,1217.6087431693988,,1736580548.0437102,,1736580537
move,321,892,1634.4002824238548,,1736580548.0516877,,1736580537
move,311,897,622.7919718377655,,1736580548.0696397,,1736580537
move,305,900,960.5109270780677,,1736580548.0776186,,1736580537
move,301,906,7247.916672362191,,1736580548.0786152,,1736580537
move,298,910,2507.3553323768533,,1736580548.0806115,,1736580537
move,293,916,3912.4043301867887,,1736580548.081609,,1736580537
move,284,923,3811.1590262950385,,1736580548.0855963,,1736580537
move,271,934,588.8265199718933,,1736580548.1135216,,1736580537
move,254,943,1134.4870746172307,,1736580548.1304767,,1736580537
move,236,954,21121.73306498657,,1736580548.1314754,,1736580537
move,220,963,18402.769190377756,,1736580548.1334686,,1736580537
move,202,972,877.4297272421362,,1736580548.1554089,,1736580537
move,192,975,1742.6703021151527,,1736580548.1624274,,1736580537
move,187,979,3218.2923429073153,,1736580548.164386,,1736580537
move,186,979,125.32656049242537,,1736580548.1713686,,1736580537
move,185,978,74.63249706227789,,1736580548.1903176,,1736580537
move,181,978,2006.3640277445588,,1736580548.1953104,,1736580537
move,178,975,327.20280968184545,,1736580548.2052777,,1736580537
move,174,973,95.40944926041992,,1736580548.2531507,,1736580537
move,167,968,8602.948802302803,,1736580548.2541463,,1736580537
move,166,967,709.8661562369223,,1736580548.255143,,1736580537
move,166,963,334.20749003984065,,1736580548.2681088,,1736580537
move,166,956,501.32550157944166,,1736580548.2810745,,1736580537
move,166,949,701.790993402811,,1736580548.291049,,1736580537
move,168,943,3173.099004582506,,1736580548.2930422,,1736580537
move,174,937,8502.11409677361,,1736580548.295038,,1736580537
move,180,933,2410.196531497922,,1736580548.2980282,,1736580537
move,195,928,689.2306089770772,,1736580548.3199728,,1736580537
move,208,927,13095.553987045541,,1736580548.3219707,,1736580537
move,231,927,3294.1434864264984,,1736580548.3289459,,1736580537
move,263,927,2468.2812218401164,,1736580548.341912,,1736580537
move,295,927,3208.034036043788,,1736580548.3518846,,1736580537
move,339,934,8935.17486973433,,1736580548.3558762,,1736580537
move,383,948,46387.07891046691,,1736580548.35787,,1736580537
move,412,958,1537.8391076504643,,1736580548.376819,,1736580537
move,431,971,23067.398344824647,,1736580548.3788128,,1736580537
move,440,977,1355.8976213583724,,1736580548.3857944,,1736580537
move,438,980,200.84437602108628,,1736580548.4037464,,1736580537
move,433,986,7831.3558347248345,,1736580548.4047437,,1736580537
move,424,988,9251.09382665105,,1736580548.4067373,,1736580537
move,409,989,1674.7022690763858,,1736580548.4157147,,1736580537
move,393,991,734.9051891883817,,1736580548.436658,,1736580537
move,379,994,14363.380568520512,,1736580548.4386525,,1736580537
move,367,994,1336.4749867233138,,1736580548.4466336,,1736580537
move,358,994,1805.1231828615148,,1736580548.452616,,1736580537
move,346,994,925.5203560001471,,1736580548.4655862,,1736580537
move,334,990,1811.2186042816982,,1736580548.4725616,,1736580537
move,317,984,2007.6971664919165,,1736580548.4815378,,1736580537
move,303,978,848.7993941757876,,1736580548.498493,,1736580537
move,290,969,15854.116470421795,,1736580548.5004869,,1736580537
move,283,960,439.6857763246462,,1736580548.5254219,,1736580537
move,283,950,1113.995378608802,,1736580548.5343986,,1736580537
move,284,942,8085.977982477188,,1736580548.536391,,1736580537
move,294,928,8634.86114080602,,1736580548.537388,,1736580537
move,306,916,2429.4241857465668,,1736580548.5453672,,1736580537
move,321,904,621.3940213225717,,1736580548.5752869,,1736580537
move,337,894,18914.428679784676,,1736580548.5772817,,1736580537
move,355,886,9873.112732673186,,1736580548.5782795,,1736580537
move,370,880,16214.657782644275,,1736580548.5792758,,1736580537
move,383,877,1486.4920959176873,,1736580548.5892498,,1736580537
move,392,875,330.12542852241313,,1736580548.6161785,,1736580537
move,401,870,10333.333975320014,,1736580548.6171749,,1736580537
move,408,869,2362.8272791251284,,1736580548.6211643,,1736580537
move,413,869,313.2649189633281,,1736580548.637125,,1736580537
move,414,868,128.96555206148025,,1736580548.6470942,,1736580537
move,415,868,24.45472937911412,,1736580548.6879861,,1736580537
move,414,868,8.355636657748525,,1736580548.8076658,,1736580537
move,414,870,182.28179052585833,,1736580548.8196347,,1736580537
move,413,871,70.89159577296734,,1736580548.8395803,,1736580537
move,412,871,15.914763155098882,,1736580548.9024117,,1736580537
move,412,870,502.8538544539024,,1736580548.9034102,,1736580537
move,412,869,83.54521552067564,,1736580548.9153798,,1736580537
move,412,866,125.35028192305393,,1736580548.9393127,,1736580537
move,412,861,5014.710664753707,,1736580548.9413087,,1736580537
move,412,858,601.4776290630975,,1736580548.9462948,,1736580537
move,413,847,1006.7715989184761,,1736580548.9572654,,1736580537
move,417,832,1296.970520779663,,1736580548.968238,,1736580537
move,417,825,233.95269968763944,,1736580548.9981587,,1736580537
move,417,821,4023.3131894484413,,1736580549.0001507,,1736580537
move,418,819,83.02937279052452,,1736580549.026084,,1736580537
move,420,819,2010.692233940556,,1736580549.0280766,,1736580537
move,424,819,572.9140827755771,,1736580549.035058,,1736580537
move,430,823,328.6274531027796,,1736580549.0560036,,1736580537
move,433,828,5856.509783610446,,1736580549.0579956,,1736580537
move,437,840,4225.743955127001,,1736580549.0609884,,1736580537
move,437,852,802.2513946890242,,1736580549.0749505,,1736580537
move,435,881,29126.549261799002,,1736580549.0769446,,1736580537
move,425,909,5961.071855750764,,1736580549.0809362,,1736580537
move,423,946,4128.348344241984,,1736580549.0899117,,1736580537
move,421,963,123.47565536745965,,1736580549.2295392,,1736580537
move,432,968,2018.7200979578415,,1736580549.2345257,,1736580537
move,435,975,7641.8343543103865,,1736580549.2355223,,1736580537
move,431,984,9870.753565950921,,1736580549.2375164,,1736580537
move,424,989,308.04298915604124,,1736580549.2654414,,1736580537
move,414,1001,15688.966214872597,,1736580549.2664392,,1736580537
move,412,1007,3172.3400715510343,,1736580549.267435,,1736580537
move,413,1015,8068.613677575661,,1736580549.2684343,,1736580537
move,429,1023,2988.8854279725224,,1736580549.2744193,,1736580537
move,452,1029,953.4588189746044,,1736580549.2993493,,1736580537
move,486,1034,4922.1455885142705,,1736580549.3063312,,1736580537
move,530,1041,44652.38882332707,,1736580549.307329,,1736580537
move,575,1041,11279.053424166368,,1736580549.3113186,,1736580537
move,604,1042,1163.7370328071831,,1736580549.3362532,,1736580537
move,637,1043,33151.919434573654,,1736580549.338246,,1736580537
move,657,1043,1114.0841478963025,,1736580549.3561985,,1736580537
move,678,1040,2363.1410592742777,,1736580549.365174,,1736580537
move,694,1035,2795.822610972092,,1736580549.3711748,,1736580537
move,701,1022,4955.441819703064,,1736580549.373153,,1736580537
move,705,1006,2362.4272966019817,,1736580549.3811345,,1736580537
move,709,974,2154.852395069035,,1736580549.3960915,,1736580537
move,712,938,5177.989369305601,,1736580549.403073,,1736580537
move,721,882,3345.2634665944174,,1736580549.4190314,,1736580537
move,727,813,69514.01810882962,,1736580549.421024,,1736580537
move,729,715,49142.64656107135,,1736580549.4220223,,1736580537
move,729,611,4344.913750684795,,1736580549.4459584,,1736580537
move,728,494,117348.51555445488,,1736580549.4469554,,1736580537
move,720,400,94572.14339892338,,1736580549.4489498,,1736580537
move,714,323,4075.286024591447,,1736580549.4678988,,1736580537
move,710,259,32191.410292946173,,1736580549.4688966,,1736580537
move,720,203,7126.326894979695,,1736580549.4778717,,1736580537
move,730,138,8246.996121706903,,1736580549.4858506,,1736580537
move,734,83,5521.7722495735325,,1736580549.4958308,,1736580537
move,739,29,10904.182530831225,,1736580549.500813,,1736580537
move,791,0,292.6424129383345,,1736580549.70327,,1736580537
move,838,31,2171.3624161298453,,1736580549.7291996,,1736580537
move,843,33,316.9529530222342,,1736580549.7471523,,1736580537
move,858,48,22045.248766782912,,1736580549.7481503,,1736580537
move,859,54,554.4125170993947,,1736580549.7591228,,1736580537
move,863,61,351.38160275489,,1736580549.782059,,1736580537
move,864,70,4552.98946372936,,1736580549.7830572,,1736580537
move,864,84,2005.541719321015,,1736580549.7910345,,1736580537
move,864,96,2406.83091048202,,1736580549.7960215,,1736580537
move,864,111,1503.8737898888492,,1736580549.804998,,1736580537
move,860,124,470.241037279473,,1736580549.8349175,,1736580537
move,858,133,9264.391996981645,,1736580549.835915,,1736580537
move,857,140,3546.3599195956726,,1736580549.8369114,,1736580537
move,855,147,1216.0975757317628,,1736580549.8438926,,1736580537
move,852,151,2507.0555887627015,,1736580549.8448923,,1736580537
move,851,153,373.74467451579176,,1736580549.8508751,,1736580537
move,848,157,122.2772115586445,,1736580549.8927636,,1736580537
move,846,162,1799.6190177056392,,1736580549.8947582,,1736580537
move,842,169,4043.4724288795405,,1736580549.8977506,,1736580537
move,840,177,826.7507311079554,,1736580549.9067264,,1736580537
move,836,187,10807.18578527439,,1736580549.908721,,1736580537
move,831,201,745.2497592976084,,1736580549.9276707,,1736580537
move,826,218,17789.19488723213,,1736580549.929665,,1736580537
move,820,237,1426.879665928004,,1736580549.9436283,,1736580537
move,813,263,26992.13466924412,,1736580549.9446244,,1736580537
move,809,290,1955.1228689890759,,1736580549.9585874,,1736580537
move,807,309,9573.723465457295,,1736580549.9595845,,1736580537
move,807,328,1587.264246021471,,1736580549.9715548,,1736580537
move,807,344,8033.141489107014,,1736580549.9745445,,1736580537
move,807,356,859.385797462735,,1736580549.9885066,,1736580537
move,810,373,1153.9734970913776,,1736580550.0034657,,1736580537
move,815,390,8886.089937691993,,1736580550.005461,,1736580537
move,831,415,1352.635203111514,,1736580550.0274022,,1736580537
move,851,443,17263.525012850696,,1736580550.0284002,,1736580537
move,876,472,38419.40263898663,,1736580550.0303943,,1736580537
move,904,501,10100.830372997072,,1736580550.034385,,1736580537
move,933,532,2503.7346377282947,,1736580550.0503423,,1736580537
move,960,557,1475.8894303993275,,1736580550.0752742,,1736580537
move,974,575,22843.28801621693,,1736580550.0762725,,1736580537
move,989,591,1832.6546640046492,,1736580550.0882397,,1736580537
move,997,595,8966.299103536596,,1736580550.0892372,,1736580537
move,1000,598,283.6206178404763,,1736580550.104196,,1736580537
move,1003,596,3610.116528260614,,1736580550.1051948,,1736580537
move,1012,592,9880.197003947525,,1736580550.1071887,,1736580537
move,1030,579,1060.1354891796157,,1736580550.1281376,,1736580537
move,1046,567,10028.222355050806,,1736580550.1291301,,1736580537
move,1083,535,5450.054935390023,,1736580550.1391046,,1736580537
move,1123,499,3853.753741173806,,1736580550.15207,,1736580537
move,1168,452,13047.759258941283,,1736580550.1580534,,1736580537
move,1214,409,9020.388876909143,,1736580550.1640377,,1736580537
move,1268,366,6292.456848307159,,1736580550.1750078,,1736580537
move,1309,329,55349.58410493739,,1736580550.1760056,,1736580537
move,1354,292,3894.613699418747,,1736580550.1919625,,1736580537
move,1388,264,2597.653587095885,,1736580550.20792,,1736580537
move,1424,233,47602.138121119526,,1736580550.209915,,1736580537
move,1452,210,3025.6622269412833,,1736580550.221883,,1736580537
move,1475,187,2174.944710170447,,1736580550.2358494,,1736580537
move,1492,168,1597.940671095358,,1736580550.2518044,,1736580537
move,1505,151,933.0480902330391,,1736580550.274741,,1736580537
move,1516,138,17067.24572333347,,1736580550.2757387,,1736580537
move,1521,127,12121.49439350194,,1736580550.2777326,,1736580537
move,1527,118,10848.477860031358,,1736580550.2787297,,1736580537
move,1533,111,4622.229523715203,,1736580550.2797272,,1736580537
move,1538,106,472.62570129364184,,1736580550.2956867,,1736580537
move,1545,100,2311.252895547271,,1736580550.2986774,,1736580537
move,1550,95,1417.289878982061,,1736580550.3036666,,1736580537
move,1557,90,8635.894513369545,,1736580550.3056593,,1736580537
move,1565,87,570.9939147719173,,1736580550.3206182,,1736580537
move,1568,82,584.8946490734496,,1736580550.3295953,,1736580537
move,1573,78,32.424954636298445,,1736580550.529061,,1736580537
move,1577,76,1497.4850490658275,,1736580550.530057,,1736580537
move,1581,72,2834.3765865563123,,1736580550.5320528,,1736580537
move,1586,67,7095.2650735833995,,1736580550.5330493,,1736580537
move,1595,63,4913.071321777427,,1736580550.5360417,,1736580537
move,1606,58,6088.41519212297,,1736580550.5370386,,1736580537
move,1621,48,18072.153605262563,,1736580550.5390334,,1736580537
move,1648,37,14573.22420233418,,1736580550.5420258,,1736580537
move,1671,26,8536.978261991168,,1736580550.5440204,,1736580537
move,1695,13,13685.860082923531,,1736580550.546015,,1736580537
move,1717,1,12560.821817963753,,1736580550.5480094,,1736580537
move,1783,0,1946.0025529586665,,1736580550.5819187,,1736580537
move,1786,2,190.37209064784753,,1736580550.5998716,,1736580537
move,1789,2,103.7244108118802,,1736580550.6287944,,1736580537
move,1789,3,40.10694409914131,,1736580550.6537278,,1736580537
move,1790,5,557.0982395188166,,1736580550.6587138,,1736580537
move,1792,5,133.90492609264757,,1736580550.6726775,,1736580537
move,1795,7,3616.159286677119,,1736580550.6746716,,1736580537
move,1796,8,50.64238782798069,,1736580550.7016,,1736580537
move,1798,11,3620.487942754061,,1736580550.7035933,,1736580537
move,1800,13,1417.0190161289352,,1736580550.7055888,,1736580537
move,1803,15,1808.512094819865,,1736580550.7065856,,1736580537
move,1806,16,243.9229409878416,,1736580550.7205477,,1736580537
move,1808,23,486.61345066213283,,1736580550.7345107,,1736580537
move,1814,27,1032.906094999229,,1736580550.741492,,1736580537
move,1817,32,2915.6872742438272,,1736580550.7444932,,1736580537
move,1823,41,638.1906400519229,,1736580550.7614386,,1736580537
move,1828,49,1182.3284070310915,,1736580550.76842,,1736580537
move,1835,58,1269.6443334028074,,1736580550.7783952,,1736580537
move,1838,67,1902.9489008830524,,1736580550.7823856,,1736580537
move,1843,73,7850.122563300739,,1736580550.7843773,,1736580537
move,1847,82,705.306624212546,,1736580550.79834,,1736580537
move,1847,88,400.985086042065,,1736580550.8133,,1736580537
move,1848,92,318.1360661150988,,1736580550.8262658,,1736580537
move,1848,93,500.9320434730682,,1736580550.8282607,,1736580537
move,1848,94,34.575658654004684,,1736580550.8561862,,1736580537
move,1848,95,55.68941526368899,,1736580550.8751361,,1736580537
move,1848,98,136.75591783501793,,1736580550.8960798,,1736580537
move,1848,99,167.117061120408,,1736580550.9020636,,1736580537
move,1846,100,80.06922782050556,,1736580550.9309871,,1736580537
move,1845,101,202.67337279241886,,1736580550.936968,,1736580537
move,1845,103,143.22118454525278,,1736580550.9509325,,1736580537
move,1841,104,1377.314305348093,,1736580550.953926,,1736580537
move,1838,104,200.5244940239044,,1736580550.9688869,,1736580537
move,1837,104,34.577938994229186,,1736580550.997807,,1736580537
move,1836,105,1419.05301471668,,1736580550.9988036,,1736580537
move,1836,107,117.94342275462573,,1736580551.016757,,1736580537
move,1835,107,17.905399405758,,1736580551.07161,,1736580537
move,1835,106,4.476196981080527,,1736580551.295014,,1736580537
move,1834,106,1004.8643986583613,,1736580551.2970061,,1736580537
move,1831,106,97.0147647281054,,1736580551.3279254,,1736580537
move,1829,107,280.31409116801,,1736580551.335902,,1736580537
move,1826,107,125.35277943813509,,1736580551.3598382,,1736580537
move,1824,109,94.53493240974608,,1736580551.3897576,,1736580537
move,1822,109,2006.844019138756,,1736580551.3907561,,1736580537
move,1820,109,668.3617241654051,,1736580551.39275,,1736580537
move,1819,110,54.53881575501767,,1736580551.4196784,,1736580537
move,1818,110,31.33234228513801,,1736580551.4515927,,1736580537
move,1818,111,5.14189952078616,,1736580551.645077,,1736580537
move,1818,112,1003.9023456199138,,1736580551.646073,,1736580537
move,1818,113,66.8436284821827,,1736580551.6610334,,1736580537
move,1817,115,2245.3313053146467,,1736580551.6630273,,1736580537
move,1814,118,250.23096443101448,,1736580551.6789842,,1736580537
move,1811,121,354.46645162637276,,1736580551.69195,,1736580537
move,1808,124,283.61157727507276,,1736580551.70691,,1736580537
move,1805,129,417.61495921242465,,1736580551.719875,,1736580537
move,1800,132,5842.519077008415,,1736580551.7218692,,1736580537
move,1798,135,241.00428910235559,,1736580551.736831,,1736580537
move,1796,139,149.46570614913946,,1736580551.7657545,,1736580537
move,1794,141,2839.464624947689,,1736580551.7677472,,1736580537
move,1789,143,1079.4273974300347,,1736580551.7717395,,1736580537
move,1789,145,250.70555887627017,,1736580551.779717,,1736580537
move,1788,146,202.63875380963796,,1736580551.786696,,1736580537
move,1786,149,722.747951485553,,1736580551.7926807,,1736580537
move,1785,149,55.70346760163088,,1736580551.8096368,,1736580537
move,1784,151,747.5489289254964,,1736580551.812628,,1736580537
move,1784,152,91.15872291408576,,1736580551.8245955,,1736580537
move,1780,155,358.0957584864422,,1736580551.8375607,,1736580537
move,1780,156,55.70050862538346,,1736580551.8565106,,1736580537
move,1779,158,93.41104212323614,,1736580551.8804462,,1736580537
move,1779,157,11.018736273551696,,1736580551.9702063,,1736580537
move,1778,157,32.34423991918382,,1736580552.0011237,,1736580537
move,1778,160,176.9002108814846,,1736580552.0190752,,1736580537
move,1778,161,32.34897962331672,,1736580552.0489953,,1736580537
move,1779,162,9.916032280065803,,1736580552.1926105,,1736580537
move,1783,162,267.3659920318725,,1736580552.207571,,1736580537
move,1785,162,334.32736837910005,,1736580552.213555,,1736580537
move,1792,162,280.7486086939892,,1736580552.2384884,,1736580537
move,1796,160,4481.0075787383075,,1736580552.2394862,,1736580537
move,1802,157,1121.0106612573343,,1736580552.245475,,1736580537
move,1802,156,7.833114828800765,,1736580552.3721356,,1736580537
move,1800,156,401.3496004975838,,1736580552.3771188,,1736580537
move,1797,156,120.32888659379752,,1736580552.4020505,,1736580537
move,1792,156,139.26236801912478,,1736580552.437954,,1736580537
move,1788,156,4009.85086042065,,1736580552.4399486,,1736580537
move,1782,155,762.4684023753009,,1736580552.4469292,,1736580537
move,1777,153,449.85099165949964,,1736580552.459897,,1736580537
move,1769,152,4044.4396510847505,,1736580552.4608936,,1736580537
move,1763,151,609.9637844425836,,1736580552.470866,,1736580537
move,1754,150,1815.1901216990213,,1736580552.47685,,1736580537
move,1742,146,1409.4794335065353,,1736580552.4858267,,1736580537
move,1731,144,659.3979457716462,,1736580552.5017843,,1736580537
move,1720,141,1905.6554477764553,,1736580552.5087645,,1736580537
move,1709,136,1211.3961195915385,,1736580552.518738,,1736580537
move,1697,133,3099.7595300144567,,1736580552.5227282,,1736580537
move,1687,130,455.1293923082873,,1736580552.5456662,,1736580537
move,1674,127,3346.2294415368856,,1736580552.5486586,,1736580537
move,1663,124,11402.580701466415,,1736580552.550653,,1736580537
move,1652,121,1143.5573175338995,,1736580552.559629,,1736580537
move,1642,117,599.8570747124735,,1736580552.578578,,1736580537
move,1632,113,5404.239332748768,,1736580552.5795767,,1736580537
move,1625,110,263.30083665947404,,1736580552.6094954,,1736580537
move,1619,106,7251.392057963899,,1736580552.610493,,1736580537
move,1613,103,3363.165979786975,,1736580552.61149,,1736580537
move,1607,101,6331.051951863902,,1736580552.6134844,,1736580537
move,1603,96,246.87597302558737,,1736580552.6394145,,1736580537
move,1596,95,7150.001930467361,,1736580552.6404133,,1736580537
move,1592,93,640.0565660478591,,1736580552.6464016,,1736580537
move,1589,93,501.711004784689,,1736580552.6523812,,1736580537
move,1585,92,826.3754201725358,,1736580552.6573706,,1736580537
move,1580,92,313.3304447864218,,1736580552.6743228,,1736580537
move,1572,90,486.4299735022124,,1736580552.691276,,1736580537
move,1562,88,5118.305119526211,,1736580552.6932714,,1736580537
move,1548,86,7086.788054379596,,1736580552.6942687,,1736580537
move,1537,83,394.2101643856349,,1736580552.7241883,,1736580537
move,1525,80,12411.64479757224,,1736580552.7251863,,1736580537
move,1515,77,5234.260022896194,,1736580552.726183,,1736580537
move,1505,73,719.916438229246,,1736580552.7411435,,1736580537
move,1489,67,17150.585826752955,,1736580552.7421398,,1736580537
move,1478,61,837.5082227591647,,1736580552.7580974,,1736580537
move,1466,59,1108.3674093394418,,1736580552.768077,,1736580537
move,1459,53,9300.041413035446,,1736580552.7700653,,1736580537
move,1459,50,97.02224518278061,,1736580552.799989,,1736580537
move,1459,48,334.3406935033878,,1736580552.806968,,1736580537
move,1460,48,143.20406978729216,,1736580552.81395,,1736580537
move,1461,47,78.78078442239946,,1736580552.8319001,,1736580537
move,1463,47,80.22079201292927,,1736580552.8558364,,1736580537
move,1465,47,250.61567877629062,,1736580552.8638167,,1736580537
move,1468,46,226.48351073467677,,1736580552.8777792,,1736580537
move,1470,46,2004.925430210325,,1736580552.879775,,1736580537
move,1474,42,436.1661532788501,,1736580552.8917463,,1736580537
move,1477,42,3026.921337503007,,1736580552.8937345,,1736580537
move,1481,41,344.2943004628931,,1736580552.9057043,,1736580537
move,1482,40,28.943308292747744,,1736580552.9535744,,1736580537
move,1486,40,4003.1534240038177,,1736580552.9545736,,1736580537
move,1488,40,2007.3242402488634,,1736580552.95557,,1736580537
move,1491,40,334.2252443688908,,1736580552.964546,,1736580537
move,1495,38,131.8888619524304,,1736580552.9984543,,1736580537
move,1497,38,143.23830339457686,,1736580553.012417,,1736580537
move,1497,37,3.659373170555087,,1736580553.285688,,1736580537
move,1497,36,21.797764254049756,,1736580553.3315642,,1736580537
move,1497,33,3010.266028708134,,1736580553.3335693,,1736580537
move,1497,32,111.40249667994688,,1736580553.34254,,1736580537
move,1497,31,6.596435603701537,,1736580553.4941301,,1736580537
move,1498,31,502.13144977852266,,1736580553.4951258,,1736580537
move,1498,30,62.66421645526123,,1736580553.512081,,1736580537
move,1498,30,0.0,,1736580553.5739164,,1736580537
click_press,1498,30,,Button.left,1736580553.5759099,,1736580537
move,1498,29,334.3940046240931,,1736580553.576907,,1736580537
move,1498,29,0.0,,1736580553.6327584,,1736580537
click_release,1498,29,,Button.left,1736580553.6337554,,1736580537
move,1498,29,0.0,,1736580553.6906028,,1736580537
click_press,1498,29,,Button.left,1736580553.6916006,,1736580537
move,1498,29,0.0,,1736580553.7374794,,1736580537
click_release,1498,29,,Button.left,1736580553.738476,,1736580537
move,1498,30,10.666802302071915,,1736580553.8312283,,1736580537
move,1498,31,19.282560523726772,,1736580553.8830886,,1736580537
